rule,value,footprint,spec,qty_dimmer,qty_microwave,refs_dimmer,refs_microwave,mpn,manufacturer,digikey_pn,mouser_pn,lcsc_pn,status,notes
R-0805,100,R_0805_2012Metric,0805 thick film 1% 1/8W,0,3,,"R5,R6,R9",RC0805FR-07100RL,Yageo,311-100CRCT-ND,603-RC0805FR-07100RL,,verified,"Digi-Key 2026-09-30: Active, 1% 1/8W 100ppm, 675k+ stock, 0.10 cut tape; Mouser listed"
R-0805,2k,R_0805_2012Metric,0805 thick film 1% 1/8W,0,4,,R1-R4,RC0805FR-072KL,Yageo,311-2.00KCRCT-ND,603-RC0805FR-072KL,,verified,"Digi-Key 2026-09-30: Active, 1% 1/8W 100ppm, 675k+ stock, 0.10 cut tape; Mouser listed"
R-0805,4.7k,R_0805_2012Metric,0805 thick film 1% 1/8W,0,3,,"R7,R8,R10",RC0805FR-074K7L,Yageo,311-4.70KCRCT-ND,603-RC0805FR-074K7L,,verified,"Digi-Key 2026-09-30: Active, 1% 1/8W 100ppm, 675k+ stock, 0.10 cut tape; Mouser listed"
R-0805,10k,R_0805_2012Metric,0805 thick film 1% 1/8W,4,0,R5-R8,,RC0805FR-0710KL,Yageo,311-10.0KCRCT-ND,603-RC0805FR-0710KL,,verified,"Digi-Key 2026-09-30: Active, 1% 1/8W 100ppm, 675k+ stock, 0.10 cut tape; Mouser listed"
R-SENSE,0.36,R_0805_2012Metric,0805 metal film or metal element current sense 1% at most 100 ppm/C at least 1/4W; dissipates 28 mW at 278 mA,4,0,R1-R4,,KDV08FR360ET,Ohmite,273-KDV08FR360ETCT-ND,588-KDV08FR360ET,,verified,"Sets PT4115 LED current (0.1 V / R); tolerance sets current accuracy; Digi-Key search 2026-09-30: Active, metal film 1% 50ppm 1/4W, 21,765 stock, 0.23, no tariff; KDV08DR360ET (0.5%, 0.29) costs more; Yageo PE1206FRF470R36L is 1206, fails Footprint; Mouser listed"
C-C0G,100pF,C_0805_2012Metric,0805 C0G at least 50V ±5% or tighter,0,2,,"C1,C2",C0805C101J1GAC7210,KEMET,399-C0805C101J1GAC7210CT-ND,80-C0805C101J1G7210,,verified,"ET6226M CLK/DAT filter; Digi-Key search 2026-09-30 (no tariffed): Active, 100V 5%, 23k stock, 0.15, cheapest in the tier; next is C0805C101J5GACTU (50V, 628k stock, 0.19); GRM2165C1H101JA01D not returned; Mouser listed"
C-X7R,100nF,C_0805_2012Metric,0805 X7R at least 25V ±20% or tighter,5,1,"C6,C9-C12",C5,C0805C104M5RACAUTO,KEMET,399-12977-1-ND,80-C0805C104M5RAUTO ,,verified,"AP63205 boost cap and ADC input caps; Rejected GRM21BR71H104KA01L: out of stock, not recommended for new designs (2026-09-30); Digi-Key search 2026-09-30 (X7R 0805/1210 25/50V 10/20% RoHS, no marketplace, no tariffed): Active, 50V 20%, 116k stock, 0.17; ties C0805C104M3RAC7210 (25V, 0.17), tie-break 3 takes 50V; Mouser listed"
C-X7R,1uF,C_0805_2012Metric,0805 X7R at least 25V ±20% or tighter (5V rail),0,1,,C3,C0805C105K3RACAUTO,KEMET,399-6929-1-ND,80-C0805C105K3RAUTO,,verified,"ET6226M VCC decoupling; Rejected GRM21BR71E105KA99L: out of stock, not recommended for new designs (2026-09-30); Digi-Key search 2026-09-30 (X7R 0805/1210 25/50V 10/20% RoHS, no marketplace, no tariffed): Active, 25V 10%, 143 stock, 0.24, cheapest in the tier; next is Taiyo Yuden UMK212B7105KGHT (50V, 694k stock, 0.26) if stock drops; C2012X7R1H105K125DE not in this result; Mouser listed"
C-X7R,4.7uF,C_1210_3225Metric,1210 X7R 50V ±20% or tighter (12V rail; 50V keeps effective capacitance near 4.7uF under bias),4,0,C1-C4,,C1210C475K5RACAUTO7210,KEMET,399-C1210C475K5RACAUTO7210CT-ND,80-C1210C475K5RAULR ,,verified,"PT4115 VIN caps; datasheet minimum is 4.7uF; Digi-Key search 2026-09-30 (X7R 0805/1210 25/50V 10/20% RoHS, no marketplace, no tariffed): Active, 50V 10%, 3,143 stock, 0.98; same part as C1210C475K5RACAUTO (131k stock, 1.03) with a different packaging code, tie-break 2 takes the cheaper one; Mouser listed; Mouser 2026-10-01: 80-C1210C475K5RAULR is the listing found, Mfr. Part # on it not confirmed as the AUTO7210 packaging; same capacitor either way, and BOM upload matches on MPN"
C-BULK,10uF,C_1210_3225Metric,1210 X7R at least 25V ±20% or tighter (12V rail),1,1,C5,C4,TMK325AB7106MMHPR,Taiyo Yuden,587-TMK325AB7106MMHPRCT-ND,963-TMK325AB7106MMPR,,verified,"AP63205 input cap on both boards; Rejected GRM32ER71H106KA12L: out of stock, not recommended for new designs (2026-09-30); no 50V 10uF part returned, so the spec drops to the rule's 25V floor; Digi-Key search 2026-09-30: Active, 25V 20%, 1,855 stock, 0.72, no tariff, cheapest in the tier; next is TDK CGA6P1X7R1E106K250AC (190k stock, 0.90); Mouser listed"
C-BULK,22uF,C_1210_3225Metric,1210 X5R at least 25V ±20% or tighter,2,2,"C7,C8","C6,C7",CL32A226MAJNNNE,Samsung,1276-3373-1-ND,187-CL32A226MAJNNNE ,,verified,"AP63205 output caps on both boards; Digi-Key search 2026-09-30: every result flagged ""Tariff may apply"", so tie-break 2 does not separate them; Active, X5R 25V 20%, 1,767 stock, 0.66, cheapest in the tier; next is Samsung CL32A226KAJNNWE (304k stock, 0.83); Mouser listed"
D-SCHOTTKY,SS14,D_SMA,SMA 1A 40V Schottky,5,2,D1-D5,"D17,D18",SS14-E3/61T,Vishay,SS14-E3/61TGICT-ND,625-SS14-E3,,verified,"PT4115 catch diodes, 5V backfeed diodes, buzzer flyback; Mouser 2026-10-01: 625-SS14-E3 lists Mfr. Part # SS14-E3/61T, 255,694 stock; SS14-E3/5AT (625-SS14-E3/5AT, 107,806 stock) is the same diode on a different reel; Digi-Key stock not recorded"
D-SIGNAL,1N4148W,D_SOD-123,SOD-123 (not SOD-123F) 1N4148W,0,16,,D1-D16,1N4148W-7-F,Diodes Inc,1N4148W-FDICT-ND,621-1N4148W-F,,verified,"Key matrix diodes; Verified as listed 2026-10-01: supplier part numbers checked, stock and lifecycle not recorded"
L-POWER,100uH,L_Coilcraft_MSS1038-XXX,Coilcraft MSS1038 series 100uH; Isat at least 0.42A,4,0,L1-L4,,MSS1038-104MLC,Coilcraft,,994-MSS1038-104MLC,,verified,"Mouser 2026-09-30: 100uH shielded 20%, Isat 1.46A, Irms 1.45A, 304 mOhm DCR, -40 to 85C; 3,701 stock plus 2,500 on order, taken as Active; 2.38 cut tape; tariff of 11% may apply (preference only, the footprint allows no other maker); alias MSS1038-104MLB; RoHS icon not captured in the paste; Digi-Key not checked"
L-POWER,4.7uH,L_Murata_LQH55DN_5.7x5.0mm,Murata LQH55DN series 4.7uH; Isat at least 1.5x AP63205 peak inductor current,1,1,L5,L1,LQH55DN4R7M03L,Murata,490-LQH55DN4R7M03LCT-ND,81-LQH55DN4R7M03L ,,verified,"Check Isat against the AP63205 datasheet's inductor ripple at the actual load; Verified as listed 2026-10-01: supplier part numbers checked, stock and lifecycle not recorded"
EXACT,AP63205WU,TSOT-23-6,"Diodes Inc AP63205WU, tape and reel",1,1,U5,U1,AP63205WU-7,Diodes Inc,AP63205WU-7DICT-ND,621-AP63205WU-7 ,,verified,"Verified as listed 2026-10-01: supplier part numbers checked, stock and lifecycle not recorded"
EXACT,AO3400A,SOT-23,AOS AO3400A,0,1,,Q2,AO3400A,Alpha & Omega,785-1000-1-ND,,,verified,"Buzzer low-side switch; Not found on Mouser (2026-10-01); Digi-Key only; Verified as listed 2026-10-01: supplier part numbers checked, stock and lifecycle not recorded"
EXACT,CC56-12SURKWA,CA56-12SURKWA,Kingbright CC56-12SURKWA common cathode,0,1,,U2,CC56-12SURKWA,Kingbright,754-CC56-12SURKWA-ND,604-CC5612SURKWA ,,verified,"Pin-for-pin with the CA56-12 footprint; Verified as listed 2026-10-01: supplier part numbers checked, stock and lifecycle not recorded"
EXACT,PT4115,SOT-89-5,"PT4115 LED driver, SOT-89-5",4,0,U1-U4,,PT4115,UMW,4518-PT4115CT-ND,,,verified,"Digi-Key carries it (UMW); Not found on Mouser (2026-10-01); Digi-Key only; Verified as listed 2026-10-01: supplier part numbers checked, stock and lifecycle not recorded"
EXACT,ET6226M,SOP-16,"UMW ET6226M, SOP-16",0,1,,U5,ET6226M,UMW,4518-ET6226MCT-ND,,,verified,"Digi-Key carries it (UMW); Not found on Mouser (2026-10-01); Digi-Key only; Verified as listed 2026-10-01: supplier part numbers checked, stock and lifecycle not recorded"
TERMINAL,Screw_Terminal_01x04,"TerminalBlock_Phoenix_MKDS-1,5-4-5.08_1x04_P5.08mm_Horizontal","Phoenix MKDS 1,5, 4 positions, 5.08 mm",4,2,J2-J5,"J1,J2",1715747,Phoenix Contact,277-1265-ND,651-1715747 ,,verified,"Dimmer pots and LED outputs, microwave power and I/O; Digi-Key search 2026-09-30 (5.08 mm fixed PCB screw terminals): Active, 15A 300V 14-30 AWG, 1,734 stock, 2.28, tariff may apply; cheaper MKDSN 1729144 (1.94) and TE 282837-4 (1.71) use a different footprint; Mouser listed"
TERMINAL,Screw_Terminal_01x02,"TerminalBlock_Phoenix_MKDS-1,5-2-5.08_1x02_P5.08mm_Horizontal","Phoenix MKDS 1,5, 2 positions, 5.08 mm",1,0,J1,,1715721,Phoenix Contact,277-1263-ND,651-1715721,,verified,"Dimmer 12V input; Digi-Key search 2026-09-30 (5.08 mm fixed PCB screw terminals): Active, 15A 300V 14-30 AWG, 1,313 stock, 1.16, tariff may apply; KF301 2-pins on hand fit for prototyping; Mouser listed"
OWNED,Buzzer,Buzzer_12x9.5RM7.6,"12085 passive magnetic buzzer, 42 ohm",0,1,,BZ1,WT-1205,Soberton Inc.,433-1028-ND,,,owned,Bought as a 20-pack
OFFBOARD,Arduino_Nano_v3.x,Module:Arduino_Nano,Arduino Nano v3 module,1,1,A1,A1,,,,,,excluded,Bought separately; socket or solder the module
OFFBOARD,MX_SW_solder,SW_MX_1u,Cherry MX-style 1u switch,0,16,,MX1-MX16,,,,,,excluded,Pick with the keycaps
