"Reference","Qty","Value","DNP","Exclude from BOM","Exclude from Board","Footprint","Datasheet"
"A1","1","Arduino_Nano_v3.x","","","","Module:Arduino_Nano","http://www.mouser.com/pdfdocs/Gravitech_Arduino_Nano3_0.pdf"
"BZ1","1","Buzzer","","","","Buzzer_Beeper:Buzzer_12x9.5RM7.6",""
"C1,C2","2","100pF","","","","Capacitor_SMD:C_0805_2012Metric_Pad1.18x1.45mm_HandSolder",""
"C3","1","1uF","","","","Capacitor_SMD:C_0805_2012Metric_Pad1.18x1.45mm_HandSolder",""
"C4","1","10uF","","","","Capacitor_SMD:C_1210_3225Metric_Pad1.33x2.70mm_HandSolder",""
"C5","1","100nF","","","","Capacitor_SMD:C_0805_2012Metric_Pad1.18x1.45mm_HandSolder",""
"C6,C7","2","22uF","","","","Capacitor_SMD:C_1210_3225Metric_Pad1.33x2.70mm_HandSolder",""
"D1-D16","16","1N4148W","","","","Diode_SMD:D_SOD-123","https://www.vishay.com/docs/85748/1n4148w.pdf"
"D17,D18","2","SS14","","","","Diode_SMD:D_SMA","https://www.vishay.com/docs/88746/ss12.pdf"
"J1,J2","2","Screw_Terminal_01x04","","","","TerminalBlock_Phoenix:TerminalBlock_Phoenix_MKDS-1,5-4-5.08_1x04_P5.08mm_Horizontal",""
"L1","1","4.7uH","","","","Inductor_SMD:L_Murata_LQH55DN_5.7x5.0mm",""
"MX1-MX16","16","MX_SW_solder","","","","PCM_marbastlib-mx:SW_MX_1u",""
"Q2","1","AO3400A","","","","Package_TO_SOT_SMD:SOT-23","http://www.aosmd.com/pdfs/datasheet/AO3400A.pdf"
"R1-R4","4","2k","","","","Resistor_SMD:R_0805_2012Metric_Pad1.20x1.40mm_HandSolder",""
"R5,R6,R9","3","100","","","","Resistor_SMD:R_0805_2012Metric_Pad1.20x1.40mm_HandSolder",""
"R7,R8,R10","3","4.7k","","","","Resistor_SMD:R_0805_2012Metric_Pad1.20x1.40mm_HandSolder",""
"U1","1","AP63205WU","","","","Package_TO_SOT_SMD:TSOT-23-6","https://www.diodes.com/assets/Datasheets/AP63200-AP63201-AP63203-AP63205.pdf"
"U2","1","CC56-12SURKWA","","","","Display_7Segment:CA56-12SURKWA","http://www.kingbright.com/attachments/file/psearch/000/00/00/CC56-12SURKWA(Ver.7A).pdf"
"U5","1","ET6226M","","","","Package_SO:SOP-16_4.4x10.4mm_P1.27mm",""
